Source Connection,Destination Connection,Mapping Csv
create new app+sa,create new app+sa,TeamImportPlan-1.csv
create new app+sa,create new app+sa,TeamImportPlan-2.csv
create new app+sa,create new app+sa,TeamImportPlan-3.csv
create new app+sa,create new app+sa,TeamImportPlan-4.csv
create new app+sa,create new app+sa,TeamImportPlan-5.csv
create new app+sa,create new app+sa,TeamImportPlan-6.csv
create new app+sa,create new app+sa,TeamImportPlan-7.csv
create new app+sa,create new app+sa,TeamImportPlan-8.csv
create new app+sa,create new app+sa,TeamImportPlan-9.csv
create new app+sa,create new app+sa,TeamImportPlan-10.csv
create new app+sa,create new app+sa,TeamImportPlan-11.csv
create new app+sa,create new app+sa,TeamImportPlan-12.csv
create new app+sa,create new app+sa,TeamImportPlan-13.csv
create new app+sa,create new app+sa,TeamImportPlan-14.csv
create new app+sa,create new app+sa,TeamImportPlan-15.csv
create new app+sa,create new app+sa,TeamImportPlan-16.csv
create new app+sa,create new app+sa,TeamImportPlan-17.csv
create new app+sa,create new app+sa,TeamImportPlan-18.csv
create new app+sa,create new app+sa,TeamImportPlan-19.csv
create new app+sa,create new app+sa,TeamImportPlan-20.csv
